K_eff,Burnup (GWd/MTIHM)
1.59549074,0.0
1.59519051,0.064
