K_eff,Time
1.59549074,0.0
1.59519051,2.0
1.58660726,54.0
1.57829232,154.0
1.57367859,254.0
