K_eff,Burnup (GWd/MTIHM)
1.28801393,0.0
1.24335473,1.92
1.15437797,9.889
1.05825176,21.987
