K_eff,Burnup (GWd/MTIHM)
1.28801393,0.0
1.24377781,1.92
1.15481173,9.889
1.05866617,21.987
