K_eff,Burnup (GWd/MTIHM)
1.28801393,0.0
1.2164672,1.92
1.13010405,9.889
1.0376021,21.987
