K_eff,Burnup (GWd/MTIHM)
1.28801393,0.0
1.24143343,1.92
1.15254178,9.889
1.05651988,21.987
