K_eff,Burnup (GWd/MTIHM)
1.28801393,0.0
1.24363484,1.92
1.15466572,9.889
1.05852531,21.987
