K_eff,Burnup (GWd/MTIHM)
1.28801393,0.0
1.2384685,1.92
1.14960305,9.889
1.05381072,21.987
