K_eff,Burnup (GWd/MTIHM)
1.28801393,0.0
1.2438634,1.92
1.1548991,9.889
1.05875109,21.987
