K_eff,Burnup (GWd/MTIHM)
1.28801393,0.0
1.24192706,1.92
1.15304271,9.889
1.05698197,21.987
