K_eff,Burnup (GWd/MTIHM)
1.28801393,0.0
1.24255573,1.92
1.15356032,9.889
1.05747334,21.987
