K_eff,Burnup (GWd/MTIHM)
1.28801393,0.0
1.24095916,1.92
1.1520677,9.889
1.05608369,21.987
