K_eff,Time
1.28801393,0.0
1.24335473,50.0
1.15437797,257.5
1.05825176,572.5
