K_eff,Time
1.28801393,0.0
1.24255573,50.0
1.15356032,257.5
1.05747334,572.5
