K_eff,Time
1.28801393,0.0
1.24095916,50.0
1.1520677,257.5
1.05608369,572.5
