K_eff,Time
1.28801393,0.0
1.24377781,50.0
1.15481173,257.5
1.05866617,572.5
