K_eff,Time
1.28801393,0.0
1.24143343,50.0
1.15254178,257.5
1.05651988,572.5
