K_eff,Time
1.28801393,0.0
1.2164672,50.0
1.13010405,257.5
1.0376021,572.5
