K_eff,Time
1.28801393,0.0
1.2384685,50.0
1.14960305,257.5
1.05381072,572.5
