K_eff,Time
1.28801393,0.0
1.24192706,50.0
1.15304271,257.5
1.05698197,572.5
