K_eff,Time
1.28801393,0.0
1.24363484,50.0
1.15466572,257.5
1.05852531,572.5
