K_eff,Time
1.28801393,0.0
1.2438634,50.0
1.1548991,257.5
1.05875109,572.5
