K_eff,Burnup (GWd/MTIHM)
1.59549074,0.0
1.59530251,0.032
1.59129084,0.7959999999999999
1.58489565,2.26
1.58118967,3.7230000000000003
1.57833741,5.187
1.57604325,6.651
1.57403927,8.113999999999999
1.57233395,9.578
1.57058823,11.040999999999999
1.56887276,12.505
1.56717166,13.969000000000001
1.56547268,15.432
1.56376933,16.896
1.56192407,18.36
1.56222957,19.823
1.55817348,21.287
1.5585777,22.75
