K_eff,Burnup (GWd/MTIHM)
1.59549074,0.0
1.59530291,0.032
1.59129749,0.7959999999999999
1.58490181,2.26
1.58119635,3.7230000000000003
1.57834411,5.187
1.57604985,6.651
1.57404612,8.113999999999999
1.57234076,9.578
1.57059499,11.040999999999999
1.56887963,12.505
1.56717871,13.969000000000001
1.56547988,15.432
1.56377689,16.896
1.56193119,18.36
1.56223674,19.823
1.55818109,21.287
1.55858515,22.75
