K_eff,Burnup (GWd/MTIHM)
1.59549074,0.0
1.59530177,0.032
1.59127296,0.7959999999999999
1.58487872,2.26
1.58117255,3.7230000000000003
1.57832012,5.187
1.57602577,6.651
1.57402179,8.113999999999999
1.57231608,9.578
1.57057013,11.040999999999999
1.56885463,12.505
1.5671534,13.969000000000001
1.5654538,15.432
1.56375064,16.896
1.56190528,18.36
1.5622107,19.823
1.55815442,21.287
1.55855843,22.75
