K_eff,Burnup (GWd/MTIHM)
1.59549074,0.0
1.5953035,0.032
1.59130483,0.7959999999999999
1.5849088,2.26
1.58120353,3.7230000000000003
1.57835146,5.187
1.57605726,6.651
1.57405385,8.113999999999999
1.57234844,9.578
1.57060276,11.040999999999999
1.56888732,12.505
1.5671871,13.969000000000001
1.56548779,15.432
1.56378466,16.896
1.56193958,18.36
1.56224503,19.823
1.55818921,21.287
1.55859341,22.75
