K_eff,Time
1.59549074,0.0
1.59530199,1.0
1.59128154,24.75
1.58488681,70.25
1.58118073,115.75
1.57832828,161.25
1.57603391,206.75
1.57403017,252.25
1.57232435,297.75
1.57057903,343.25
1.56886336,388.75
1.56716195,434.25
1.56546263,479.75
1.56375947,525.25
1.56191414,570.75
1.56221959,616.25
1.55816333,661.75
1.5585675,707.25
