K_eff,Time
1.59549074,0.0
1.59530189,1.0
1.59127752,24.75
1.5848831,70.25
1.58117699,115.75
1.57832453,161.25
1.57603036,206.75
1.57402624,252.25
1.57232051,297.75
1.57057488,343.25
1.56885928,388.75
1.56715779,434.25
1.56545858,479.75
1.56375558,525.25
1.5619102,570.75
1.56221566,616.25
1.55815928,661.75
1.55856333,707.25
