K_eff,Time
1.59549074,0.0
1.59530291,1.0
1.59129749,24.75
1.58490181,70.25
1.58119635,115.75
1.57834411,161.25
1.57604985,206.75
1.57404612,252.25
1.57234076,297.75
1.57059499,343.25
1.56887963,388.75
1.56717871,434.25
1.56547988,479.75
1.56377689,525.25
1.56193119,570.75
1.56223674,616.25
1.55818109,661.75
1.55858515,707.25
