K_eff,Time
1.59549074,0.0
1.5953035,1.0
1.59130483,24.75
1.5849088,70.25
1.58120353,115.75
1.57835146,161.25
1.57605726,206.75
1.57405385,252.25
1.57234844,297.75
1.57060276,343.25
1.56888732,388.75
1.5671871,434.25
1.56548779,479.75
1.56378466,525.25
1.56193958,570.75
1.56224503,616.25
1.55818921,661.75
1.55859341,707.25
