K_eff,Time
1.59549074,0.0
1.59530163,1.0
1.59126753,24.75
1.58487325,70.25
1.58116725,115.75
1.57831455,161.25
1.57602007,206.75
1.57401579,252.25
1.57231029,297.75
1.57056429,343.25
1.56884907,388.75
1.56714765,434.25
1.56544798,479.75
1.56374462,525.25
1.56189896,570.75
1.56220442,616.25
1.55814796,661.75
1.55855202,707.25
