Fuel,U-233,Xe-135,Efficiency,Poison Fraction
0.482323,0.0542777,0.00217148,0.1,4.00%
0.481226,0.0543866,0.00025004,1,0.46%
