Fuel,U-233,Xe-135,Efficiency,Poison Fraction
0.546085,0.0451905,0.00274423,0.1,6.07%
0.544748,0.0453167,0.000316252,1,0.70%
