K_eff,Burnup (GWd/MTIHM)
1.59549074,0.0
1.59530199,0.032
1.59128154,0.7959999999999999
1.58488681,2.26
1.58118073,3.7230000000000003
1.57832828,5.187
1.57603391,6.651
1.57403017,8.113999999999999
1.57232435,9.578
1.57057903,11.040999999999999
1.56886336,12.505
1.56716195,13.969000000000001
1.56546263,15.432
1.56375947,16.896
1.56191414,18.36
1.56221959,19.823
1.55816333,21.287
1.5585675,22.75
