K_eff,Burnup (GWd/MTIHM)
1.59549074,0.0
1.5953018,0.032
1.59127505,0.7959999999999999
1.58488057,2.26
1.5811743,3.7230000000000003
1.57832187,5.187
1.57602765,6.651
1.57402372,8.113999999999999
1.5723179,9.578
1.57057231,11.040999999999999
1.56885667,12.505
1.56715523,13.969000000000001
1.56545597,15.432
1.56375284,16.896
1.56190721,18.36
1.56221263,19.823
1.55815636,21.287
1.55856039,22.75
