K_eff,Burnup (GWd/MTIHM)
1.59549074,0.0
1.59530189,0.032
1.59127752,0.7959999999999999
1.5848831,2.26
1.58117699,3.7230000000000003
1.57832453,5.187
1.57603036,6.651
1.57402624,8.113999999999999
1.57232051,9.578
1.57057488,11.040999999999999
1.56885928,12.505
1.56715779,13.969000000000001
1.56545858,15.432
1.56375558,16.896
1.5619102,18.36
1.56221566,19.823
1.55815928,21.287
1.55856333,22.75
