K_eff,Time
1.59549074,0.0
1.59530251,1.0
1.59129084,24.75
1.58489565,70.25
1.58118967,115.75
1.57833741,161.25
1.57604325,206.75
1.57403927,252.25
1.57233395,297.75
1.57058823,343.25
1.56887276,388.75
1.56717166,434.25
1.56547268,479.75
1.56376933,525.25
1.56192407,570.75
1.56222957,616.25
1.55817348,661.75
1.5585777,707.25
