K_eff,Time
1.59549074,0.0
1.5953018,1.0
1.59127505,24.75
1.58488057,70.25
1.5811743,115.75
1.57832187,161.25
1.57602765,206.75
1.57402372,252.25
1.5723179,297.75
1.57057231,343.25
1.56885667,388.75
1.56715523,434.25
1.56545597,479.75
1.56375284,525.25
1.56190721,570.75
1.56221263,616.25
1.55815636,661.75
1.55856039,707.25
