K_eff,Time
1.59549074,0.0
1.59530177,1.0
1.59127296,24.75
1.58487872,70.25
1.58117255,115.75
1.57832012,161.25
1.57602577,206.75
1.57402179,252.25
1.57231608,297.75
1.57057013,343.25
1.56885463,388.75
1.5671534,434.25
1.5654538,479.75
1.56375064,525.25
1.56190528,570.75
1.5622107,616.25
1.55815442,661.75
1.55855843,707.25
