K_eff,Time
1.59549074,0.0
1.59530148,1.0
1.59126027,24.75
1.58486636,70.25
1.58116019,115.75
1.57830768,161.25
1.57601271,206.75
1.57400871,252.25
1.57230277,297.75
1.57055686,343.25
1.56884129,388.75
1.56713978,434.25
1.56544011,479.75
1.56373695,525.25
1.5618909,570.75
1.56219639,616.25
1.55814004,661.75
1.55854407,707.25
