K_eff,Burnup (GWd/MTIHM)
1.28801393,0.0
1.28594227,0.077
1.23850604,2.074
1.19108985,5.915
