K_eff,Burnup (GWd/MTIHM)
1.28801393,0.0
1.28594227,0.077
1.23850604,2.074
1.19108985,5.915
1.15273398,9.756
1.11794342,13.597000000000001
1.08676324,17.438
