K_eff,Time
1.28801393,0.0
1.28594227,2.0
