K_eff,Time
1.28801393,0.0
1.28594227,2.0
1.23850604,54.0
1.19108985,154.0
1.15273398,254.0
1.11794342,354.0
