K_eff,Burnup (GWd/MTIHM)
1.22066046,0.0
1.21077976,0.31
1.19252058,1.5959999999999999
1.16862304,3.548
