K_eff,Burnup (GWd/MTIHM)
1.22066046,0.0
1.21023244,0.31
1.19199878,1.5959999999999999
1.16813495,3.548
