K_eff,Burnup (GWd/MTIHM)
1.22066046,0.0
1.20961123,0.31
1.19142161,1.5959999999999999
1.16759252,3.548
