K_eff,Burnup (GWd/MTIHM)
1.22066046,0.0
1.2104652,0.31
1.19221972,1.5959999999999999
1.16834198,3.548
