K_eff,Burnup (GWd/MTIHM)
1.22066046,0.0
1.21090189,0.31
1.19263675,1.5959999999999999
1.16873194,3.548
