K_eff,Burnup (GWd/MTIHM)
1.22066046,0.0
1.21084707,0.31
1.1925848,1.5959999999999999
1.16868311,3.548
