K_eff,Burnup (GWd/MTIHM)
1.22066046,0.0
1.21058553,0.31
1.19233705,1.5959999999999999
1.16845141,3.548
