K_eff,Burnup (GWd/MTIHM)
1.22066046,0.0
1.20388535,0.31
1.18611461,1.5959999999999999
1.16247033,3.548
