K_eff,Burnup (GWd/MTIHM)
1.22066046,0.0
1.21088136,0.31
1.1926171,1.5959999999999999
1.16871351,3.548
