K_eff,Burnup (GWd/MTIHM)
1.22066046,0.0
1.21034675,0.31
1.19210801,1.5959999999999999
1.16823684,3.548
