K_eff,Time
1.22066046,0.0
1.21034675,50.0
1.19210801,257.5
1.16823684,572.5
