K_eff,Time
1.22066046,0.0
1.21058553,50.0
1.19233705,257.5
1.16845141,572.5
