K_eff,Time
1.22066046,0.0
1.21023244,50.0
1.19199878,257.5
1.16813495,572.5
