K_eff,Time
1.22066046,0.0
1.21077976,50.0
1.19252058,257.5
1.16862304,572.5
