K_eff,Time
1.22066046,0.0
1.20388535,50.0
1.18611461,257.5
1.16247033,572.5
