K_eff,Time
1.22066046,0.0
1.21090189,50.0
1.19263675,257.5
1.16873194,572.5
