K_eff,Time
1.22066046,0.0
1.21088136,50.0
1.1926171,257.5
1.16871351,572.5
