K_eff,Time
1.22066046,0.0
1.21084707,50.0
1.1925848,257.5
1.16868311,572.5
