K_eff,Time
1.22066046,0.0
1.20961123,50.0
1.19142161,257.5
1.16759252,572.5
