K_eff,Time
1.22066046,0.0
1.2104652,50.0
1.19221972,257.5
1.16834198,572.5
