Burnup (GWd/MTIHM),Off-gas Eff: 1,Off-gas Eff: 2,Off-gas Eff: 3,Off-gas Eff: 4,Off-gas Eff: 5,Off-gas Eff: 6,Off-gas Eff: 7,Off-gas Eff: 8,Off-gas Eff: 9,Off-gas Eff: 10,Eff: 1 pcm,Eff: 2 pcm,Eff: 3 pcm,Eff: 4 pcm,Eff: 5 pcm,Eff: 6 pcm,Eff: 7 pcm,Eff: 8 pcm,Eff: 9 pcm,Eff: 10 pcm,2-0,3-0,4-0,5-0,6-0,7-0,8-0,9-0,10-0,3-5,4-5,5-5,6-5,7-5,8-5,9-5,10-5
0.0,1.59549074,1.59549074,1.59549074,1.59549074,1.59549074,1.59549074,1.59549074,1.59549074,1.59549074,1.59549074,37323.35920671028,37323.35920671028,37323.35920671028,37323.35920671028,37323.35920671028,37323.35920671028,37323.35920671028,37323.35920671028,37323.35920671028,37323.35920671028,0.0,0.0,0.0,0.0,0.0,0.0,0.0,0.0,0.0,0.0,0.0,0.0,0.0,0.0,0.0,0.0,0.0
0.064,1.59519051,1.59519051,1.59519051,1.59519051,1.59519051,1.59519051,1.59519051,1.59519051,1.59519051,1.59519051,37311.56286781069,37311.56286781069,37311.56286781069,37311.56286781069,37311.56286781069,37311.56286781069,37311.56286781069,37311.56286781069,37311.56286781069,37311.56286781069,0.0,0.0,0.0,0.0,0.0,0.0,0.0,0.0,0.0,0.0,0.0,0.0,0.0,0.0,0.0,0.0,0.0
