K_eff,Burnup (GWd/MTIHM)
1.59549074,0.0
1.58592652,1.608
1.57160478,8.283
1.55936298,18.416
