K_eff,Burnup (GWd/MTIHM)
1.59549074,0.0
1.58785862,1.608
1.57335101,8.283
1.5611532,18.416
