K_eff,Burnup (GWd/MTIHM)
1.59549074,0.0
1.58859236,1.608
1.57401654,8.283
1.56183649,18.416
