K_eff,Burnup (GWd/MTIHM)
1.59549074,0.0
1.58830213,1.608
1.5737535,8.283
1.56156691,18.416
