K_eff,Burnup (GWd/MTIHM)
1.59549074,0.0
1.58758675,1.608
1.57310515,8.283
1.56090069,18.416
