K_eff,Burnup (GWd/MTIHM)
1.59549074,0.0
1.58709374,1.608
1.57265903,8.283
1.5604438,18.416
