K_eff,Burnup (GWd/MTIHM)
1.59549074,0.0
1.58733275,1.608
1.572875,8.283
1.56066495,18.416
