K_eff,Burnup (GWd/MTIHM)
1.59549074,0.0
1.57974952,1.608
1.56594703,8.283
1.55355765,18.416
