K_eff,Burnup (GWd/MTIHM)
1.59549074,0.0
1.58846121,1.608
1.57389731,8.283
1.56171443,18.416
