K_eff,Burnup (GWd/MTIHM)
1.59549074,0.0
1.58854244,1.608
1.57397154,8.283
1.56178996,18.416
