K_eff,Time
1.59549074,0.0
1.58592652,50.0
1.57160478,257.5
1.55936298,572.5
