K_eff,Time
1.59549074,0.0
1.58830213,50.0
1.5737535,257.5
1.56156691,572.5
