K_eff,Time
1.59549074,0.0
1.58846121,50.0
1.57389731,257.5
1.56171443,572.5
