K_eff,Time
1.59549074,0.0
1.58854244,50.0
1.57397154,257.5
1.56178996,572.5
