K_eff,Time
1.59549074,0.0
1.58733275,50.0
1.572875,257.5
1.56066495,572.5
