K_eff,Time
1.59549074,0.0
1.58859236,50.0
1.57401654,257.5
1.56183649,572.5
