K_eff,Time
1.59549074,0.0
1.58709374,50.0
1.57265903,257.5
1.5604438,572.5
