K_eff,Time
1.59549074,0.0
1.58758675,50.0
1.57310515,257.5
1.56090069,572.5
