K_eff,Time
1.59549074,0.0
1.58785862,50.0
1.57335101,257.5
1.5611532,572.5
