K_eff,Time
1.59549074,0.0
1.57974952,50.0
1.56594703,257.5
1.55355765,572.5
