K_eff,Burnup (GWd/MTIHM)
1.22066046,0.0
1.20027302,0.93
1.17604735,2.995
1.14757364,5.267
1.12067968,7.539
1.09635557,9.812000000000001
1.07465534,12.084000000000001
1.05535858,14.356
1.038057,16.628
1.02224122,18.9
1.0078714,21.171999999999997
