K_eff,Burnup (GWd/MTIHM)
1.22066046,0.0
1.20021924,0.93
1.17599683,2.995
1.1475244,5.267
1.12063606,7.539
1.09631445,9.812000000000001
1.07461617,12.084000000000001
1.05532108,14.356
1.0380216,16.628
1.02220677,18.9
1.00783821,21.171999999999997
