K_eff,Burnup (GWd/MTIHM)
1.22066046,0.0
1.21470854,0.062
