K_eff,Burnup (GWd/MTIHM)
1.22066046,0.0
1.21470854,0.062
1.18809705,1.6640000000000001
1.14915865,4.745
