K_eff,Time
1.22066046,0.0
1.21470854,2.0
